{"cameraMode":{"drawMode":0,"name":"Shaded","section":"Shading Mode"},"sceneLighting":false,"audioPlay":false,"sceneViewState":{"showFog":false,"showMaterialUpdate":false,"showSkybox":false,"showFlares":false,"showImageEffects":false,"showParticleSystems":false},"in2DMode":false,"pivot":{"x":-1.5269999504089356,"y":0.38999998569488528,"z":-2.7909998893737795},"rotation":{"x":-0.13560886681079865,"y":-0.22220554947853089,"z":0.030880969017744066,"w":-0.965204119682312},"size":0.4000312089920044,"orthographic":false}