{"cameraMode":{"drawMode":0,"name":"Shaded","section":"Shading Mode"},"sceneLighting":false,"audioPlay":false,"sceneViewState":{"showFog":false,"showMaterialUpdate":false,"showSkybox":false,"showFlares":false,"showImageEffects":false,"showParticleSystems":false},"in2DMode":false,"pivot":{"x":0.05929947644472122,"y":0.8219422698020935,"z":0.3038206398487091},"rotation":{"x":-0.04882776364684105,"y":-0.05063686892390251,"z":0.0025560082867741586,"w":-0.9976115226745606},"size":0.6309692859649658,"orthographic":false}