{"cameraMode":{"drawMode":0,"name":"Shaded","section":"Shading Mode"},"sceneLighting":false,"audioPlay":false,"sceneViewState":{"showFog":false,"showMaterialUpdate":false,"showSkybox":false,"showFlares":false,"showImageEffects":false,"showParticleSystems":false},"in2DMode":false,"pivot":{"x":-13.552414894104004,"y":5.0896382331848148,"z":6.477678298950195},"rotation":{"x":0.07137225568294525,"y":-0.5008191466331482,"z":0.041813164949417117,"w":0.8617761731147766},"size":8.187713623046875,"orthographic":false}