{"cameraMode":{"drawMode":0,"name":"Shaded","section":"Shading Mode"},"sceneLighting":false,"audioPlay":false,"sceneViewState":{"showFog":false,"showMaterialUpdate":false,"showSkybox":false,"showFlares":false,"showImageEffects":false,"showParticleSystems":false},"in2DMode":false,"pivot":{"x":9.149999618530274,"y":0.8999999761581421,"z":-0.12999999523162843},"rotation":{"x":0.05367157235741615,"y":-0.09803751111030579,"z":0.005924542434513569,"w":0.9939143061637878},"size":1.8949873447418213,"orthographic":false}