{"cameraMode":{"drawMode":0,"name":"Shaded","section":"Shading Mode"},"sceneLighting":false,"audioPlay":false,"sceneViewState":{"showFog":false,"showMaterialUpdate":false,"showSkybox":false,"showFlares":false,"showImageEffects":false,"showParticleSystems":false},"in2DMode":false,"pivot":{"x":-0.9875483512878418,"y":0.912958025932312,"z":3.0707244873046877},"rotation":{"x":-0.27067485451698305,"y":-0.32619449496269228,"z":0.09783505648374558,"w":-0.9005841612815857},"size":0.9592688083648682,"orthographic":false}