{"cameraMode":{"drawMode":0,"name":"Shaded","section":"Shading Mode"},"sceneLighting":false,"audioPlay":false,"sceneViewState":{"showFog":false,"showMaterialUpdate":false,"showSkybox":false,"showFlares":false,"showImageEffects":false,"showParticleSystems":false},"in2DMode":false,"pivot":{"x":7.628912925720215,"y":0.837494969367981,"z":1.544434905052185},"rotation":{"x":-0.21887657046318055,"y":-0.6429941058158875,"z":0.19868262112140656,"w":-0.7069244384765625},"size":1.8236083984375,"orthographic":false}