{"cameraMode":{"drawMode":0,"name":"Shaded","section":"Shading Mode"},"sceneLighting":false,"audioPlay":false,"sceneViewState":{"showFog":false,"showMaterialUpdate":false,"showSkybox":false,"showFlares":false,"showImageEffects":false,"showParticleSystems":false},"in2DMode":false,"pivot":{"x":0.5053853988647461,"y":0.4945791959762573,"z":0.9522149562835693},"rotation":{"x":-0.1265389770269394,"y":-0.7602423429489136,"z":0.15448516607284547,"w":-0.6184680461883545},"size":1.1152591705322266,"orthographic":false}