{"cameraMode":{"drawMode":0,"name":"Shaded","section":"Shading Mode"},"sceneLighting":false,"audioPlay":false,"sceneViewState":{"showFog":false,"showMaterialUpdate":false,"showSkybox":false,"showFlares":false,"showImageEffects":false,"showParticleSystems":false},"in2DMode":false,"pivot":{"x":0.4927346706390381,"y":1.2500561475753785,"z":-0.09633779525756836},"rotation":{"x":-0.3975820243358612,"y":0.23591354489326478,"z":-0.10807884484529495,"w":-0.8804826736450195},"size":0.5505371689796448,"orthographic":false}