{"cameraMode":{"drawMode":0,"name":"Shaded","section":"Shading Mode"},"sceneLighting":false,"audioPlay":false,"sceneViewState":{"showFog":false,"showMaterialUpdate":false,"showSkybox":false,"showFlares":false,"showImageEffects":false,"showParticleSystems":false},"in2DMode":false,"pivot":{"x":0.01753932051360607,"y":0.8284940123558044,"z":0.30678969621658327},"rotation":{"x":-0.0024123017210513355,"y":0.0047770836390554909,"z":0.0005177183193154633,"w":-1.0000801086425782},"size":1.6081130504608155,"orthographic":false}