{"cameraMode":{"drawMode":0,"name":"Shaded","section":"Shading Mode"},"sceneLighting":false,"audioPlay":false,"sceneViewState":{"showFog":false,"showMaterialUpdate":false,"showSkybox":false,"showFlares":false,"showImageEffects":false,"showParticleSystems":false},"in2DMode":false,"pivot":{"x":113.70001220703125,"y":886.800048828125,"z":0.0},"rotation":{"x":0.04348589479923248,"y":-0.0044963485561311249,"z":0.00019384718325454742,"w":0.9990490078926086},"size":192.5577850341797,"orthographic":false}