{"cameraMode":{"drawMode":0,"name":"Shaded","section":"Shading Mode"},"sceneLighting":false,"audioPlay":false,"sceneViewState":{"showFog":false,"showMaterialUpdate":false,"showSkybox":false,"showFlares":false,"showImageEffects":false,"showParticleSystems":false},"in2DMode":false,"pivot":{"x":0.22799983620643617,"y":0.6837649941444397,"z":-0.040122006088495257},"rotation":{"x":0.0459926575422287,"y":0.6071343421936035,"z":-0.03514056280255318,"w":0.7925482988357544},"size":1.3551028966903687,"orthographic":false}