{"cameraMode":{"drawMode":0,"name":"Shaded","section":"Shading Mode"},"sceneLighting":false,"audioPlay":false,"sceneViewState":{"showFog":false,"showMaterialUpdate":false,"showSkybox":false,"showFlares":false,"showImageEffects":false,"showParticleSystems":false},"in2DMode":false,"pivot":{"x":0.0,"y":0.009999999776482582,"z":-0.06380000710487366},"rotation":{"x":0.36834171414375307,"y":0.06877414137125015,"z":-0.02745617739856243,"w":0.9268078207969666},"size":0.22260504961013795,"orthographic":false}