{"cameraMode":{"drawMode":0,"name":"Shaded","section":"Shading Mode"},"sceneLighting":false,"audioPlay":false,"sceneViewState":{"showFog":false,"showMaterialUpdate":false,"showSkybox":false,"showFlares":false,"showImageEffects":false,"showParticleSystems":false},"in2DMode":false,"pivot":{"x":-0.31996554136276247,"y":0.8548548817634583,"z":0.30124908685684206},"rotation":{"x":-0.1899879276752472,"y":0.38313961029052737,"z":-0.08074334263801575,"w":-0.9004284739494324},"size":0.6020973920822144,"orthographic":false}