{"cameraMode":{"drawMode":0,"name":"Shaded","section":"Shading Mode"},"sceneLighting":false,"audioPlay":false,"sceneViewState":{"showFog":false,"showMaterialUpdate":false,"showSkybox":false,"showFlares":false,"showImageEffects":false,"showParticleSystems":false},"in2DMode":false,"pivot":{"x":0.0,"y":0.27650004625320437,"z":0.244500070810318},"rotation":{"x":0.4390561580657959,"y":-0.22209762036800385,"z":0.11272874474525452,"w":0.8633644580841065},"size":1.1811574697494507,"orthographic":false}