{"cameraMode":{"drawMode":0,"name":"Shaded","section":"Shading Mode"},"sceneLighting":false,"audioPlay":false,"sceneViewState":{"showFog":false,"showMaterialUpdate":false,"showSkybox":false,"showFlares":false,"showImageEffects":false,"showParticleSystems":false},"in2DMode":false,"pivot":{"x":0.7663227319717407,"y":-0.1873067021369934,"z":-19.99339485168457},"rotation":{"x":0.0032192179933190347,"y":-0.9968910813331604,"z":0.057790301740169528,"w":0.05418352782726288},"size":0.9472477436065674,"orthographic":false}