{"cameraMode":{"drawMode":0,"name":"Shaded","section":"Shading Mode"},"sceneLighting":false,"audioPlay":false,"sceneViewState":{"showFog":false,"showMaterialUpdate":false,"showSkybox":false,"showFlares":false,"showImageEffects":false,"showParticleSystems":false},"in2DMode":false,"pivot":{"x":-0.9800000190734863,"y":0.7799999713897705,"z":3.0299999713897707},"rotation":{"x":-0.1113840714097023,"y":0.07203826308250427,"z":-0.008152948692440987,"w":-0.9912871718406677},"size":0.7549835443496704,"orthographic":false}