{"cameraMode":{"drawMode":0,"name":"Shaded","section":"Shading Mode"},"sceneLighting":false,"audioPlay":false,"sceneViewState":{"showFog":false,"showMaterialUpdate":false,"showSkybox":false,"showFlares":false,"showImageEffects":false,"showParticleSystems":false},"in2DMode":false,"pivot":{"x":1.1687438488006592,"y":0.22587542235851289,"z":0.3281869888305664},"rotation":{"x":-0.2683006525039673,"y":0.7054184079170227,"z":-0.5639210939407349,"w":-0.33552494645118716},"size":0.8246211409568787,"orthographic":false}