{"cameraMode":{"drawMode":0,"name":"Shaded","section":"Shading Mode"},"sceneLighting":false,"audioPlay":false,"sceneViewState":{"showFog":false,"showMaterialUpdate":false,"showSkybox":false,"showFlares":false,"showImageEffects":false,"showParticleSystems":false},"in2DMode":false,"pivot":{"x":24.973026275634767,"y":0.5974278450012207,"z":25.17973518371582},"rotation":{"x":-0.23442086577415467,"y":0.5188546776771545,"z":-0.15281952917575837,"w":-0.8082126379013062},"size":0.8771160840988159,"orthographic":false}