{"cameraMode":{"drawMode":0,"name":"Shaded","section":"Shading Mode"},"sceneLighting":false,"audioPlay":false,"sceneViewState":{"showFog":false,"showMaterialUpdate":false,"showSkybox":false,"showFlares":false,"showImageEffects":false,"showParticleSystems":false},"in2DMode":false,"pivot":{"x":-0.2159624546766281,"y":1.2732123136520386,"z":0.3475484251976013},"rotation":{"x":-0.14950984716415406,"y":0.256675660610199,"z":-0.04011847823858261,"w":-0.9541157484054565},"size":0.9595121741294861,"orthographic":false}