{"cameraMode":{"drawMode":0,"name":"Shaded","section":"Shading Mode"},"sceneLighting":false,"audioPlay":false,"sceneViewState":{"showFog":false,"showMaterialUpdate":false,"showSkybox":false,"showFlares":false,"showImageEffects":false,"showParticleSystems":false},"in2DMode":false,"pivot":{"x":0.32412874698638918,"y":-0.14608800411224366,"z":-0.05278897285461426},"rotation":{"x":0.3978416621685028,"y":0.21868130564689637,"z":-0.09603649377822876,"w":0.8861731886863709},"size":2.3173792362213136,"orthographic":false}