{"cameraMode":{"drawMode":0,"name":"Shaded","section":"Shading Mode"},"sceneLighting":false,"audioPlay":false,"sceneViewState":{"showFog":false,"showMaterialUpdate":false,"showSkybox":false,"showFlares":false,"showImageEffects":false,"showParticleSystems":false},"in2DMode":false,"pivot":{"x":3.6700000762939455,"y":0.10000038146972656,"z":1.3099994659423829},"rotation":{"x":0.29837438464164736,"y":0.16953827440738679,"z":-0.05148692429065704,"w":0.9381791949272156},"size":34.62464141845703,"orthographic":false}