{"cameraMode":{"drawMode":0,"name":"Shaded","section":"Shading Mode"},"sceneLighting":false,"audioPlay":false,"sceneViewState":{"showFog":false,"showMaterialUpdate":false,"showSkybox":false,"showFlares":false,"showImageEffects":false,"showParticleSystems":false},"in2DMode":false,"pivot":{"x":9.569009780883789,"y":0.5172939300537109,"z":-27.217021942138673},"rotation":{"x":0.19664737582206727,"y":-0.5254836082458496,"z":0.12615641951560975,"w":0.8181833624839783},"size":2.3365795612335207,"orthographic":false}