{"cameraMode":{"drawMode":0,"name":"Shaded","section":"Shading Mode"},"sceneLighting":false,"audioPlay":false,"sceneViewState":{"showFog":false,"showMaterialUpdate":false,"showSkybox":false,"showFlares":false,"showImageEffects":false,"showParticleSystems":false},"in2DMode":false,"pivot":{"x":-0.1205529272556305,"y":0.8739317655563355,"z":0.05965530872344971},"rotation":{"x":-0.14950984716415406,"y":0.256675660610199,"z":-0.04011847823858261,"w":-0.9541157484054565},"size":1.1297454833984376,"orthographic":false}