{"cameraMode":{"drawMode":0,"name":"Shaded","section":"Shading Mode"},"sceneLighting":false,"audioPlay":false,"sceneViewState":{"showFog":false,"showMaterialUpdate":false,"showSkybox":false,"showFlares":false,"showImageEffects":false,"showParticleSystems":false},"in2DMode":false,"pivot":{"x":337.0000305175781,"y":392.0,"z":-0.00000848549825605005},"rotation":{"x":-0.2097148895263672,"y":0.1178986057639122,"z":-0.02733384072780609,"w":-0.9706265926361084},"size":420.7965393066406,"orthographic":false}