{"cameraMode":{"drawMode":0,"name":"Shaded","section":"Shading Mode"},"sceneLighting":false,"audioPlay":false,"sceneViewState":{"showFog":false,"showMaterialUpdate":false,"showSkybox":false,"showFlares":false,"showImageEffects":false,"showParticleSystems":false},"in2DMode":false,"pivot":{"x":-4.147052764892578,"y":1.1360173225402833,"z":29.722999572753908},"rotation":{"x":0.21809899806976319,"y":-0.09004205465316773,"z":0.020104093477129937,"w":0.9716283679008484},"size":1.1365798711776734,"orthographic":false}