{"cameraMode":{"drawMode":0,"name":"Shaded","section":"Shading Mode"},"sceneLighting":false,"audioPlay":false,"sceneViewState":{"showFog":false,"showMaterialUpdate":false,"showSkybox":false,"showFlares":false,"showImageEffects":false,"showParticleSystems":false},"in2DMode":false,"pivot":{"x":0.7300578951835632,"y":-0.5377768278121948,"z":-1.314404010772705},"rotation":{"x":0.026988282799720765,"y":-0.007218425162136555,"z":-0.0006550712278112769,"w":-0.9997838139533997},"size":9.89915943145752,"orthographic":false}