{"cameraMode":{"drawMode":0,"name":"Shaded","section":"Shading Mode"},"sceneLighting":false,"audioPlay":false,"sceneViewState":{"showFog":false,"showMaterialUpdate":false,"showSkybox":false,"showFlares":false,"showImageEffects":false,"showParticleSystems":false},"in2DMode":false,"pivot":{"x":3.1249735355377199,"y":1.3061845302581788,"z":1.4000847339630128},"rotation":{"x":0.08990851789712906,"y":0.6799359321594238,"z":-0.08137641102075577,"w":0.723585844039917},"size":1.199656367301941,"orthographic":false}