{"cameraMode":{"drawMode":0,"name":"Shaded","section":"Shading Mode"},"sceneLighting":false,"audioPlay":false,"sceneViewState":{"showFog":false,"showMaterialUpdate":false,"showSkybox":false,"showFlares":false,"showImageEffects":false,"showParticleSystems":false},"in2DMode":false,"pivot":{"x":25.100000381469728,"y":0.6499999761581421,"z":25.299999237060548},"rotation":{"x":-0.007559009827673435,"y":-0.019787326455116273,"z":-0.002254191553220153,"w":-1.000209927558899},"size":1.0500001907348633,"orthographic":false}