{"cameraMode":{"drawMode":0,"name":"Shaded","section":"Shading Mode"},"sceneLighting":false,"audioPlay":false,"sceneViewState":{"showFog":false,"showMaterialUpdate":false,"showSkybox":false,"showFlares":false,"showImageEffects":false,"showParticleSystems":false},"in2DMode":false,"pivot":{"x":0.0000028151753213023768,"y":0.000014928437849448528,"z":0.0000012155760487075896},"rotation":{"x":-0.041400592774152759,"y":-0.004210792947560549,"z":0.0002661716425791383,"w":-0.9992246627807617},"size":1.8000173568725587,"orthographic":false}