{"cameraMode":{"drawMode":0,"name":"Shaded","section":"Shading Mode"},"sceneLighting":false,"audioPlay":false,"sceneViewState":{"showFog":false,"showMaterialUpdate":false,"showSkybox":false,"showFlares":false,"showImageEffects":false,"showParticleSystems":false},"in2DMode":false,"pivot":{"x":-4.382748603820801,"y":-7.474393844604492,"z":0.5531754493713379},"rotation":{"x":-0.35597726702690127,"y":0.001070048427209258,"z":-0.00036959751741960645,"w":-0.9346628785133362},"size":24.07533073425293,"orthographic":false}