{"cameraMode":{"drawMode":0,"name":"Shaded","section":"Shading Mode"},"sceneLighting":false,"audioPlay":false,"sceneViewState":{"showFog":false,"showMaterialUpdate":false,"showSkybox":false,"showFlares":false,"showImageEffects":false,"showParticleSystems":false},"in2DMode":false,"pivot":{"x":1.0053919553756714,"y":-2.7612290382385256,"z":0.16767090559005738},"rotation":{"x":-0.07320982962846756,"y":0.17086172103881837,"z":-0.9826789498329163,"w":-0.01332477293908596},"size":0.696128785610199,"orthographic":false}