{"cameraMode":{"drawMode":0,"name":"Shaded","section":"Shading Mode"},"sceneLighting":false,"audioPlay":false,"sceneViewState":{"showFog":false,"showMaterialUpdate":false,"showSkybox":false,"showFlares":false,"showImageEffects":false,"showParticleSystems":false},"in2DMode":false,"pivot":{"x":-2.665361166000366,"y":-0.06714418530464173,"z":2.9674227237701418},"rotation":{"x":0.49957865476608279,"y":-0.2990213930606842,"z":0.1888950616121292,"w":0.7908344268798828},"size":0.5043182969093323,"orthographic":false}