{"cameraMode":{"drawMode":0,"name":"Shaded","section":"Shading Mode"},"sceneLighting":false,"audioPlay":false,"sceneViewState":{"showFog":false,"showMaterialUpdate":false,"showSkybox":false,"showFlares":false,"showImageEffects":false,"showParticleSystems":false},"in2DMode":false,"pivot":{"x":-0.027296215295791627,"y":0.9971805810928345,"z":0.08300930261611939},"rotation":{"x":-0.041400592774152759,"y":-0.004210792947560549,"z":0.0002661716425791383,"w":-0.9992246627807617},"size":0.5514148473739624,"orthographic":false}