{"cameraMode":{"drawMode":0,"name":"Shaded","section":"Shading Mode"},"sceneLighting":false,"audioPlay":false,"sceneViewState":{"showFog":false,"showMaterialUpdate":false,"showSkybox":false,"showFlares":false,"showImageEffects":false,"showParticleSystems":false},"in2DMode":false,"pivot":{"x":0.2439764440059662,"y":0.9002361297607422,"z":1.0149356126785279},"rotation":{"x":-0.1317758858203888,"y":-0.7456595301628113,"z":0.15393337607383729,"w":-0.6350478529930115},"size":1.0515286922454835,"orthographic":false}