{"cameraMode":{"drawMode":0,"name":"Shaded","section":"Shading Mode"},"sceneLighting":false,"audioPlay":false,"sceneViewState":{"showFog":false,"showMaterialUpdate":false,"showSkybox":false,"showFlares":false,"showImageEffects":false,"showParticleSystems":false},"in2DMode":false,"pivot":{"x":1.1749532222747803,"y":1.1200447082519532,"z":1.521276593208313},"rotation":{"x":-0.08983507752418518,"y":-0.0765765979886055,"z":0.004588858224451542,"w":-0.9933918118476868},"size":10.0,"orthographic":false}