{"cameraMode":{"drawMode":0,"name":"Shaded","section":"Shading Mode"},"sceneLighting":false,"audioPlay":false,"sceneViewState":{"showFog":false,"showMaterialUpdate":false,"showSkybox":false,"showFlares":false,"showImageEffects":false,"showParticleSystems":false},"in2DMode":false,"pivot":{"x":-4.5332159996032719,"y":-3.3308832805668966e-17,"z":15.000964164733887},"rotation":{"x":0.36834171414375307,"y":0.06877414137125015,"z":-0.02745617739856243,"w":0.9268078207969666},"size":10.0,"orthographic":false}