{"cameraMode":{"drawMode":0,"name":"Shaded","section":"Shading Mode"},"sceneLighting":false,"audioPlay":false,"sceneViewState":{"showFog":false,"showMaterialUpdate":false,"showSkybox":false,"showFlares":false,"showImageEffects":false,"showParticleSystems":false},"in2DMode":false,"pivot":{"x":54.79073715209961,"y":11.058629989624024,"z":80.37054443359375},"rotation":{"x":0.049359001219272616,"y":-0.619362473487854,"z":0.04154123738408089,"w":0.782833993434906},"size":0.724511981010437,"orthographic":false}